Language	Glottocode	What is the morphosyntactic type of the entity participating in the formation of a subordinate clause?	What is the entity's form?	What is the entity's meaning?	Is this entity a loan?	Can the entity be used with a noun in free state (EL, état libre)?	Can the entity be used with a noun in annexed state (EA, état d'annexion)?	Can this entity be used to form a complement clause?	What is the semantics/semantic type of the main verb?	How finite is the form of the verb in the complement clause?	What is the coreferentiality status between the subject of the main clause and that of the complement clause?	Can this entity be used to form a relative clause?	How finite is the form of the verb in the relative clause?	What is the antecedent of the relative clause?	Can this entity be used by itself to form an adverbial clause?	What is the first meaning of the self-formed adverbial clause?	What is the first general semantic type of the self-formed adverbial clause?	What is the second meaning of the self-formed adverbial clause?	What is the second general semantic type of the self-formed adverbial clause?	How finite is the form of the verb in the self-formed adverbial clause?	Does this entity by itself cause attraction in the self-formed adverbial clause?	Can this entity be used as a part of some construction to form an adverbial clause?	What is the form of the first construction?	What are the components of the first construction?	What is the meaning of the first-construction-formed adverbial clause?	What is the general semantic type of the first-construction-formed adverbial clause?	How finite is the form of the verb in the first-construction-formed adverbial clause?	Does the first construction cause attraction in the adverbial clause?	What is the form of the second construction?	What are the components of the second construction?	What is the meaning of the second-construction-formed adverbial clause?	What is the general semantic type of the second-construction-formed adverbial clause?	How finite is the form of the verb in the second-construction-formed adverbial clause?	Does the second construction cause attraction in the adverbial clause?	What is the form of the third construction?	What are the components of the third construction?	What is the meaning of the third-construction-formed adverbial clause?	What is the general semantic type of the third-construction-formed adverbial clause?	How finite is the form of the verb in the third-construction-formed adverbial clause?	Does the third construction cause attraction in the adverbial clause?	Comment	Source
Awjilah	awji1241	preposition	ir	until	F	NA	NA	F	NA	NA	NA	F	NA	NA	T	until	temporal	NA	NA	finite	F	F	NA	NA	NA	NA	NA	NA	NA	NA	NA	NA	NA	NA	NA	NA	NA	NA	NA	NA		vanputten2013awjilah:168-171;kossmann2012berber:60
Awjilah	awji1241	preposition	s/sɣar/sar	from	F	NA	NA	F	NA	NA	NA	T	finite	OBL	F	NA	NA	NA	NA	NA	NA	F	NA	NA	NA	NA	NA	NA	NA	NA	NA	NA	NA	NA	NA	NA	NA	NA	NA	NA		vanputten2013awjilah:119-121,129-139,158-161
Awjilah	awji1241	preposition	s	with	F	NA	NA	F	NA	NA	NA	T	finite	OBL	F	NA	NA	NA	NA	NA	NA	F	NA	NA	NA	NA	NA	NA	NA	NA	NA	NA	NA	NA	NA	NA	NA	NA	NA	NA		vanputten2013awjilah:119-121,129-139,158-161
Central Moroccan Berber	cent2194	preposition	i/mi	to, for	F	F	T	F	NA	NA	NA	T	finite	IO	F	NA	NA	NA	NA	NA	NA	F	NA	NA	NA	NA	NA	NA	NA	NA	NA	NA	NA	NA	NA	NA	NA	NA	NA	NA		alalou2019moroccanberber:125-127,173-185;penchoen1973moroccanberber:69;boukhris2008moroccanberber:44
Central Moroccan Berber	cent2194	preposition	ɣif	on	F	F	T	F	NA	NA	NA	T	finite	OBL	F	NA	NA	NA	NA	NA	NA	F	NA	NA	NA	NA	NA	NA	NA	NA	NA	NA	NA	NA	NA	NA	NA	NA	NA	NA		alalou2019moroccanberber:125-127,173-185;penchoen1973moroccanberber:69;boukhris2008moroccanberber:44
Central Moroccan Berber	cent2194	preposition	ɣur/ɣər	to, at (chez)	F	T	T	F	NA	NA	NA	T	finite	OBL	F	NA	NA	NA	NA	NA	NA	F	NA	NA	NA	NA	NA	NA	NA	NA	NA	NA	NA	NA	NA	NA	NA	NA	NA	NA		alalou2019moroccanberber:125-127,173-185;penchoen1973moroccanberber:69;boukhris2008moroccanberber:44
Central Moroccan Berber	cent2194	preposition	s	with (instr)	F	F	T	F	NA	NA	NA	T	finite	OBL	T	manner	manner	NA	NA	finite	?	F	NA	NA	NA	NA	NA	NA	NA	NA	NA	NA	NA	NA	NA	NA	NA	NA	NA	NA		alalou2019moroccanberber:125-127,173-185,199-211;penchoen1973moroccanberber:69;boukhris2008moroccanberber:44
Central Moroccan Berber	cent2194	preposition	ɣ/g	in	F	F	T	F	NA	NA	NA	T	finite	OBL	F	NA	NA	NA	NA	NA	NA	F	NA	NA	NA	NA	NA	NA	NA	NA	NA	NA	NA	NA	NA	NA	NA	NA	NA	NA		alalou2019moroccanberber:125-127,173-185;penchoen1973moroccanberber:69;boukhris2008moroccanberber:44
Central Moroccan Berber	cent2194	preposition	n	of 	F	F	T	F	NA	NA	NA	T	finite	GEN	F	NA	NA	NA	NA	NA	NA	F	NA	NA	NA	NA	NA	NA	NA	NA	NA	NA	NA	NA	NA	NA	NA	NA	NA	NA		alalou2019moroccanberber:125-127,173-185;penchoen1973moroccanberber:69;boukhris2008moroccanberber:44
Central Moroccan Berber	cent2194	preposition	ard	until	F	T	F	F	NA	NA	NA	F	NA	NA	T	until	temporal	NA	NA	finite	F	F	NA	NA	NA	NA	NA	NA	NA	NA	NA	NA	NA	NA	NA	NA	NA	NA	NA	NA		alalou2019moroccanberber:125-127,199-211;boukhris2008moroccanberber:44
Central Moroccan Berber	cent2194	preposition	səg	from, since	F	F	T	F	NA	NA	NA	F	NA	NA	F	NA	NA	NA	NA	NA	NA	T	səg-ma	səg PREP.FROM + ma INT	since	temporal	finite	?	NA	NA	NA	NA	NA	NA	NA	NA	NA	NA	NA	NA		alalou2019moroccanberber:125-127,199-211;boukhris2008moroccanberber:44
Chaouia of the Aures	tach1249	preposition	i/mi	to, for	F	?	?	T	finish	?	?	T	finite	IO	F	NA	NA	NA	NA	NA	NA	F	NA	NA	NA	NA	NA	NA	NA	NA	NA	NA	NA	NA	NA	NA	NA	NA	NA	NA		penchoen1973chaouia:67-69
Chaouia of the Aures	tach1249	preposition	si	from, since	F	?	T	F	NA	NA	NA	T	finite	OBL	T	because	cause/reason	NA	NA	finite	?	F	NA	NA	NA	NA	NA	NA	NA	NA	NA	NA	NA	NA	NA	NA	NA	NA	NA	NA		penchoen1973chaouia:67-78,88-89,118
Chaouia of the Aures	tach1249	preposition	al	until	F	T	T	F	NA	NA	NA	F	NA	NA	T	until	temporal	when	temporal	finite	?	F	NA	NA	NA	NA	NA	NA	NA	NA	NA	NA	NA	NA	NA	NA	NA	NA	NA	NA		penchoen1973chaouia:67-78
Chaouia of the Aures	tach1249	preposition	qb.l	before	T	T	F	F	NA	NA	NA	F	NA	NA	T	before	temporal	NA	NA	finite	?	F	NA	NA	NA	NA	NA	NA	NA	NA	NA	NA	NA	NA	NA	NA	NA	NA	NA	NA		penchoen1973chaouia:67-78
Chaouia of the Aures	tach1249	preposition	mbla	without	T	T	F	F	NA	NA	NA	F	NA	NA	T	without	manner	NA	NA	finite	?	F	NA	NA	NA	NA	NA	NA	NA	NA	NA	NA	NA	NA	NA	NA	NA	NA	NA	NA		penchoen1973chaouia:67-78
Chaouia of the Aures	tach1249	preposition	ɣ.r	at (chez)	F	?	?	F	NA	NA	NA	T	finite	OBL	F	NA	NA	NA	NA	NA	NA	F	NA	NA	NA	NA	NA	NA	NA	NA	NA	NA	NA	NA	NA	NA	NA	NA	NA	NA		penchoen1973chaouia:67-78,88-89
Chaouia of the Aures	tach1249	preposition	di	in	F	?	?	F	NA	NA	NA	T	finite	OBL	F	NA	NA	NA	NA	NA	NA	F	NA	NA	NA	NA	NA	NA	NA	NA	NA	NA	NA	NA	NA	NA	NA	NA	NA	NA		penchoen1973chaouia:67-78,88-89
Chaouia of the Aures	tach1249	preposition	f	on	F	?	?	F	NA	NA	NA	T	finite	OBL	F	NA	NA	NA	NA	NA	NA	F	NA	NA	NA	NA	NA	NA	NA	NA	NA	NA	NA	NA	NA	NA	NA	NA	NA	NA		penchoen1973chaouia:67-78,88-89
Chaouia of the Aures	tach1249	preposition	s	with (instr)	F	?	?	F	NA	NA	NA	T	finite	OBL	F	NA	NA	NA	NA	NA	NA	F	NA	NA	NA	NA	NA	NA	NA	NA	NA	NA	NA	NA	NA	NA	NA	NA	NA	NA		penchoen1973chaouia:67-78,88-89
Chaouia of the Aures	tach1249	preposition	id	with (comit)	F	?	?	F	NA	NA	NA	T	finite	OBL	F	NA	NA	NA	NA	NA	NA	F	NA	NA	NA	NA	NA	NA	NA	NA	NA	NA	NA	NA	NA	NA	NA	NA	NA	NA		penchoen1973chaouia:67-78,88-89
Chaouia of the Aures	tach1249	preposition	sɣ.r	from (de chez)	F	?	?	F	NA	NA	NA	T	finite	OBL	F	NA	NA	NA	NA	NA	NA	F	NA	NA	NA	NA	NA	NA	NA	NA	NA	NA	NA	NA	NA	NA	NA	NA	NA	NA		penchoen1973chaouia:67-78,88-89
Ghadames	ghad1239	preposition	ğəd	in, with	F	NA	NA	T	know, say	finite	?	F	NA	NA	T	when (PST)	temporal	NA	NA	finite	T	F	NA	NA	NA	NA	NA	NA	NA	NA	NA	NA	NA	NA	NA	NA	NA	NA	NA	NA		kossmann2013ghadames:134,189,191-197
Ghadames	ghad1239	preposition	qǎb(ǎ)l	before	T	NA	NA	F	NA	NA	NA	F	NA	NA	T	before	temporal	NA	NA	finite	F	F	NA	NA	NA	NA	NA	NA	NA	NA	NA	NA	NA	NA	NA	NA	NA	NA	NA	NA		kossmann2013ghadames:134,191-197
Ghadames	ghad1239	preposition	asid	until	F	NA	NA	F	NA	NA	NA	F	NA	NA	T	until	temporal	NA	NA	finite	T	F	NA	NA	NA	NA	NA	NA	NA	NA	NA	NA	NA	NA	NA	NA	NA	NA	NA	NA		kossmann2013ghadames:134,191-197
Ghadames	ghad1239	preposition	amin	like	F	NA	NA	F	NA	NA	NA	F	NA	NA	F	NA	NA	NA	NA	NA	NA	T	im-kud	amin PREP.LIKE + (n)kud CONJ.HYP	as if	similative	finite	T	NA	NA	NA	NA	NA	NA	NA	NA	NA	NA	NA	NA		kossmann2013ghadames:134,191-197
Ghadames	ghad1239	postposition	=i/=é(n)	in	F	NA	NA	F	NA	NA	NA	T	participle	SU	F	NA	NA	NA	NA	NA	NA	F	NA	NA	NA	NA	NA	NA	NA	NA	NA	NA	NA	NA	NA	NA	NA	NA	NA	NA		kossmann2013ghadames:103-109,111-121
Ghadames	ghad1239	preposition	ɛaf	on	F	NA	NA	F	NA	NA	NA	T	finite	OBL	F	NA	NA	NA	NA	NA	NA	F	NA	NA	NA	NA	NA	NA	NA	NA	NA	NA	NA	NA	NA	NA	NA	NA	NA	NA		kossmann2013ghadames:111-121,141-142
Ghadames	ghad1239	preposition	s	with (instr)	F	NA	NA	F	NA	NA	NA	T	finite	OBL	F	NA	NA	NA	NA	NA	NA	F	NA	NA	NA	NA	NA	NA	NA	NA	NA	NA	NA	NA	NA	NA	NA	NA	NA	NA		kossmann2013ghadames:111-121,141-142
Ghadames	ghad1239	preposition	ɛur	at (chez)	F	NA	NA	F	NA	NA	NA	T	finite	OBL	F	NA	NA	NA	NA	NA	NA	F	NA	NA	NA	NA	NA	NA	NA	NA	NA	NA	NA	NA	NA	NA	NA	NA	NA	NA		kossmann2013ghadames:111-121,141-142
Ghadames	ghad1239	preposition	i	to	F	NA	NA	F	NA	NA	NA	T	finite	IO	F	NA	NA	NA	NA	NA	NA	F	NA	NA	NA	NA	NA	NA	NA	NA	NA	NA	NA	NA	NA	NA	NA	NA	NA	NA		kossmann2013ghadames:111-121,141-142
Ghomara	ghom1257	preposition	x/fex/f	on	F	F	T	F	NA	NA	NA	T	finite	OBL	F	NA	NA	NA	NA	NA	NA	F	NA	NA	NA	NA	NA	NA	NA	NA	NA	NA	NA	NA	NA	NA	NA	NA	NA	NA		mourigh2015ghomara:361-363
Ghomara	ghom1257	preposition	i/id̠	with (comit)	F	F	T	F	NA	NA	NA	T	finite	OBL	F	NA	NA	NA	NA	NA	NA	F	NA	NA	NA	NA	NA	NA	NA	NA	NA	NA	NA	NA	NA	NA	NA	NA	NA	NA		mourigh2015ghomara:361-363
Ghomara	ghom1257	preposition	g	in	F	F	T	F	NA	NA	NA	T	finite	OBL	F	NA	NA	NA	NA	NA	NA	F	NA	NA	NA	NA	NA	NA	NA	NA	NA	NA	NA	NA	NA	NA	NA	NA	NA	NA		mourigh2015ghomara:361-363
Ghomara	ghom1257	preposition	qb̠el/qeb̠l	before	T	F	T	F	NA	NA	NA	F	NA	NA	F	NA	NA	NA	NA	NA	NA	T	qb̠el~qeb̠l a	qb̠el~qeb̠l PREP.BEFORE + a REL	before	temporal	finite	OPT	qb̠el~qeb̠l a ma	qb̠el~qeb̠l PREP.BEFORE + a REL + ma INT	before	temporal	finite	F	NA	NA	NA	NA	NA	NA		mourigh2015ghomara:348-351
Ghomara	ghom1257	preposition	bla	without	T	F	T	F	NA	NA	NA	F	NA	NA	F	NA	NA	NA	NA	NA	NA	T	bla ma	bla PREP.WITHOUT + ma INT	without	manner	finite	F	NA	NA	NA	NA	NA	NA	NA	NA	NA	NA	NA	NA		mourigh2015ghomara:348-351
Ghomara	ghom1257	preposition	ḥettar	until	T	F	T	F	NA	NA	NA	F	NA	NA	T	until	temporal	NA	NA	finite	OPT	F	NA	NA	NA	NA	NA	NA	NA	NA	NA	NA	NA	NA	NA	NA	NA	NA	NA	NA	As a subordinator, preposition has the form ḥetta	mourigh2015ghomara:348-351
Ghomara	ghom1257	preposition	zeg	from	F	F	T	F	NA	NA	NA	F	NA	NA	F	NA	NA	NA	NA	NA	NA	T	zeg-ya	zeg PREP.FROM + ya UNCLEAR (probably y UNCELAR + a REL)	since	temporal	finite	T	NA	NA	NA	NA	NA	NA	NA	NA	NA	NA	NA	NA		mourigh2015ghomara:348-351
Ghomara	ghom1257	preposition	da(r)	to	F	F	T	F	NA	NA	NA	F	NA	NA	T	in order to	purpose	NA	NA	finite	F	F	NA	NA	NA	NA	NA	NA	NA	NA	NA	NA	NA	NA	NA	NA	NA	NA	NA	NA		mourigh2015ghomara:257
Kabyle	kaby1243	preposition	s	with (instr)	F	F	T	F	NA	NA	NA	T	finite	OBL	T	manner	manner	NA	NA	finite	F	F	NA	NA	NA	NA	NA	NA	NA	NA	NA	NA	NA	NA	NA	NA	NA	NA	NA	NA		naitzerrad2001kabyle:53-54,65,143-147;chaker1983kabyle:139,391-395
Kabyle	kaby1243	preposition	ɣef/af/f	on	F	F	T	F	NA	NA	NA	T	finite	OBL	T	because	cause/reason	in order to	purpose	finite	F	T	ɣef wakken	ɣef PREP.ON + wakken UNCLEAR	because	cause/reason	finite	F	NA	NA	NA	NA	NA	NA	NA	NA	NA	NA	NA	NA		naitzerrad2001kabyle:53-54,65,143-147;chaker1983kabyle:139,391-395
Kabyle	kaby1243	preposition	deg/g/di	in	F	F	T	F	NA	NA	NA	T	finite	OBL	T	because	cause/reason	NA	NA	finite	F	T	deg wakken	deg PREP.IN + wakken UNCLEAR	because	cause/reason	finite	F	deg-mi	deg PREP.IN + mi INT	since	temporal	finite	F	deg was-mi	deg PREP.IN + was UNCLEAR + mi INT	since	temporal	finite	F		naitzerrad2001kabyle:53-54,65,143-147;chaker1983kabyle:139,391-395
Kabyle	kaby1243	preposition	seg/si/g	from	F	F	T	F	NA	NA	NA	T	finite	OBL	T	because	cause/reason	NA	NA	finite	F	T	seg wakken	seg PREP.FROM + wakken UNCLEAR	because	cause/reason	finite	F	seg-mi	seg PREP.FROM + mi INT	since/because	temporal/cause/reason	finite	F	seg was-mi	seg PREP.FROM + was UNCLEAR + mi INT	since	temporal	finite	F		naitzerrad2001kabyle:53-54,65,143-147;chaker1983kabyle:139,391-395
Kabyle	kaby1243	preposition	d	with (comit)	F	F	T	F	NA	NA	NA	T	finite	OBL	F	NA	NA	NA	NA	NA	NA	F	NA	NA	NA	NA	NA	NA	NA	NA	NA	NA	NA	NA	NA	NA	NA	NA	NA	NA		naitzerrad2001kabyle:53-54,65,143-147;chaker1983kabyle:139,391-395
Kabyle	kaby1243	preposition	s	to(wards)	F	T	F	F	NA	NA	NA	T	finite	OBL	F	NA	NA	NA	NA	NA	NA	F	NA	NA	NA	NA	NA	NA	NA	NA	NA	NA	NA	NA	NA	NA	NA	NA	NA	NA		naitzerrad2001kabyle:53-54,65,143-147;chaker1983kabyle:139,391-395
Kabyle	kaby1243	preposition	ɣer	to	F	F	T	F	NA	NA	NA	T	finite	OBL	F	NA	NA	NA	NA	NA	NA	F	NA	NA	NA	NA	NA	NA	NA	NA	NA	NA	NA	NA	NA	NA	NA	NA	NA	NA		naitzerrad2001kabyle:53-54,65,143-147;chaker1983kabyle:139,391-395
Kabyle	kaby1243	preposition	ar	until	F	T	F	F	NA	NA	NA	F	NA	NA	F	NA	NA	NA	NA	NA	NA	T	ar d	ar PREP.UNTIL + d UNCLEAR	until	temporal	finite	F	ar-mi	ar PREP.UNTIL + mi INT	until	temporal	finite	F	NA	NA	NA	NA	NA	NA		naitzerrad2001kabyle:53-54,65,143-147;chaker1983kabyle:139,391-395
Kabyle	kaby1243	preposition	i	to	F	F	T	F	NA	NA	NA	F	NA	NA	T	in order to	purpose	NA	NA	finite	F	T	i wakken	i PREP.TO + wakken UNCLEAR	in order to	purpose	finite	F	NA	NA	NA	NA	NA	NA	NA	NA	NA	NA	NA	NA		naitzerrad2001kabyle:53-54,65,143-147;chaker1983kabyle:139,391-395
Ouargli	taga1278	preposition	s/si/səg/sgəd	from	F	F	T	F	NA	NA	NA	F	NA	NA	T	when	temporal	after	temporal	finite	?	T	n səgg i	n UNCLEAR + səgg PREP.FROM + i UNCLEAR	since	temporal	finite	?	al si	al PREP.UNTIL + si PREP.FROM	until after	temporal	finite	?	NA	NA	NA	NA	NA	NA		delheure2019ouargli:98-104,109-112
Ouargli	taga1278	preposition	n	of	F	F	T	F	NA	NA	NA	F	NA	NA	T	by	manner	NA	NA	finite	?	F	NA	NA	NA	NA	NA	NA	NA	NA	NA	NA	NA	NA	NA	NA	NA	NA	NA	NA		delheure2019ouargli:98-104,109-112
Ouargli	taga1278	preposition	kəlb/qbəl	before	T	F	T	F	NA	NA	NA	F	NA	NA	F	NA	NA	NA	NA	NA	NA	T	kəlb aw d	kəlb PREP.BEFORE + aw PTCL.LEST + d UNCLEAR	before	temporal	finite	?	NA	NA	NA	NA	NA	NA	NA	NA	NA	NA	NA	NA		delheure2019ouargli:98-104,109-112,72
Ouargli	taga1278	preposition	bla	without	T	F	T	F	NA	NA	NA	F	NA	NA	F	NA	NA	NA	NA	NA	NA	T	bla aw d	bla PREP.WITHOUT + aw PTCL.LEST + d UNCLEAR	without	manner	finite	?	NA	NA	NA	NA	NA	NA	NA	NA	NA	NA	NA	NA		delheure2019ouargli:98-104,109-112,72
Ouargli	taga1278	preposition	al	until	F	T	F	F	NA	NA	NA	F	NA	NA	T	until	temporal	NA	NA	finite	?	T	al d	al PREP.UNTIL + d UNCLEAR	until	temporal	finite	?	al si	al PREP.UNTIL + si PREP.FROM	until after	temporal	finite	?	NA	NA	NA	NA	NA	NA		delheure2019ouargli:98-104,109-112
Senhaja De Srair	senh1238	preposition	zi/z(i)gʷ	from	F	F	T	F	NA	NA	NA	F	NA	NA	F	NA	NA	NA	NA	NA	NA	T	zgʷa-mi	zgʷa PREP.FROM + mi INT	since/when	temporal	finite	OPT	NA	NA	NA	NA	NA	NA	NA	NA	NA	NA	NA	NA	Data taken for Ayt Hmed variety	gutova2021senhaja:493-506,603-604
Senhaja De Srair	senh1238	preposition	bla	without	T	T	T	F	NA	NA	NA	F	NA	NA	F	NA	NA	NA	NA	NA	NA	T	bla ma (a(d))	bla PREP.WITHOUT + ma INT (+ a(d) PTCL.IRR)	without	manner	finite	F	NA	NA	NA	NA	NA	NA	NA	NA	NA	NA	NA	NA	Data taken for Ayt Hmed variety. There is clitic fronting (attraction), but it is caused not by the preposition, but by the aorist verb form, obligatorily following the irrealis particle a(d).	gutova2021senhaja:493-506,603-605
Senhaja De Srair	senh1238	preposition	qbel	before	T	T	T	F	NA	NA	NA	F	NA	NA	F	NA	NA	NA	NA	NA	NA	T	qbel ma (a(d))	qbel PREP.BEFORE + ma INT (+ a(d) PTCL.IRR)	before	temporal	finite	F	qbel u	qbel PREP.BEFORE + u NEG	before	temporal	finite	F	NA	NA	NA	NA	NA	NA	Data taken for Ayt Hmed variety. There is clitic fronting (attraction), but it is caused not by the preposition, but by the aorist verb form, obligatorily following the irrealis particle a(d) in the first constrction, and by the negator n in the second construction. 	gutova2021senhaja:493-506,603-606
Senhaja De Srair	senh1238	preposition	ḥetta	until	T	T	T	F	NA	NA	NA	F	NA	NA	T	until	temporal	NA	NA	finite	F	F	NA	NA	NA	NA	NA	NA	NA	NA	NA	NA	NA	NA	NA	NA	NA	NA	NA	NA	Data taken for Ayt Hmed variety.  As a preposition, ḥetta is always used in a complex with za 'to'.	gutova2021senhaja:493-506,603-607
Siwi	siwi1239	preposition	n	of	F	NA	NA	T	state verbs	nominalized	SS	T	participle	SU	F	NA	NA	NA	NA	NA	NA	F	NA	NA	NA	NA	NA	NA	NA	NA	NA	NA	NA	NA	NA	NA	NA	NA	NA	NA		schiattarella2015siwa:46,152,212-223
Siwi	siwi1239	preposition	i	to	F	NA	NA	T	motion verbs, begin	nominalized	SS	F	NA	NA	F	NA	NA	NA	NA	NA	NA	F	NA	NA	NA	NA	NA	NA	NA	NA	NA	NA	NA	NA	NA	NA	NA	NA	NA	NA		schiattarella2015siwa:212-223
Siwi	siwi1239	preposition	af	on	F	NA	NA	T	finish	nominalized	SS	F	NA	NA	F	NA	NA	NA	NA	NA	NA	T	af-ənni	af PREP.ON + ənni COMP	when (PST)	temporal	finite	F	NA	NA	NA	NA	NA	NA	NA	NA	NA	NA	NA	NA		schiattarella2015siwa:212-223,226-228
Siwi	siwi1239	preposition	baʕ(a)d	after	T	NA	NA	F	NA	NA	NA	F	NA	NA	T	after	temporal	NA	NA	finite	F	T	baʕ(a)d-ənni	baʕ(a)d PREP.AFTER + ənni COMP	after	temporal	finite	F	NA	NA	NA	NA	NA	NA	NA	NA	NA	NA	NA	NA		souag2013siwa:168-172
Siwi	siwi1239	preposition	qbəl	before	T	NA	NA	F	NA	NA	NA	F	NA	NA	T	before	temporal	NA	NA	finite	F	F	NA	NA	NA	NA	NA	NA	NA	NA	NA	NA	NA	NA	NA	NA	NA	NA	NA	NA		souag2013siwa:168-172
Siwi	siwi1239	preposition	msab	because of	T	NA	NA	F	NA	NA	NA	F	NA	NA	F	NA	NA	NA	NA	NA	NA	T	msab-ənni	msab PREP.BECAUSE_OF + ənni COMP	because	cause/reason	finite	F	NA	NA	NA	NA	NA	NA	NA	NA	NA	NA	NA	NA	Arabic < min sabab ‘from the cause of’	souag2013siwa:168-172
Siwi	siwi1239	preposition	s/sgd	with (instr)	F	NA	NA	F	NA	NA	NA	T	finite	OBL	F	NA	NA	NA	NA	NA	NA	F	NA	NA	NA	NA	NA	NA	NA	NA	NA	NA	NA	NA	NA	NA	NA	NA	NA	NA		souag2013siwa:152,168-172
Siwi	siwi1239	preposition	d/did	with (comit)	F	NA	NA	F	NA	NA	NA	T	finite	OBL	F	NA	NA	NA	NA	NA	NA	F	NA	NA	NA	NA	NA	NA	NA	NA	NA	NA	NA	NA	NA	NA	NA	NA	NA	NA		souag2013siwa:152,168-172
Sud Oranais-Gourara	tazn1238	preposition	si/zzeg	from	F	F	T	F	NA	NA	NA	T	finite	OBL	F	NA	NA	NA	NA	NA	NA	F	NA	NA	NA	NA	NA	NA	NA	NA	NA	NA	NA	NA	NA	NA	NA	NA	NA	NA		kossmann1997sudoranais:216-233,264,317-318
Sud Oranais-Gourara	tazn1238	preposition	s/zzeg	with (instr)	F	F	T	F	NA	NA	NA	T	finite	OBL	F	NA	NA	NA	NA	NA	NA	F	NA	NA	NA	NA	NA	NA	NA	NA	NA	NA	NA	NA	NA	NA	NA	NA	NA	NA		kossmann1997sudoranais:216-233,264,317-318
Sud Oranais-Gourara	tazn1238	preposition	i/deg	to	F	F	T	F	NA	NA	NA	T	finite	IO	F	NA	NA	NA	NA	NA	NA	F	NA	NA	NA	NA	NA	NA	NA	NA	NA	NA	NA	NA	NA	NA	NA	NA	NA	NA		kossmann1997sudoranais:216-233,264,317-318
Sud Oranais-Gourara	tazn1238	preposition	s/xef	on	F	F	T	F	NA	NA	NA	T	finite	OBL	F	NA	NA	NA	NA	NA	NA	F	NA	NA	NA	NA	NA	NA	NA	NA	NA	NA	NA	NA	NA	NA	NA	NA	NA	NA		kossmann1997sudoranais:216-233,264,317-318
Sud Oranais-Gourara	tazn1238	preposition	l/n/ɣer	to, at (chez)	F	F	T	F	NA	NA	NA	T	finite	OBL	F	NA	NA	NA	NA	NA	NA	F	NA	NA	NA	NA	NA	NA	NA	NA	NA	NA	NA	NA	NA	NA	NA	NA	NA	NA		kossmann1997sudoranais:216-233,264,317-318
Sud Oranais-Gourara	tazn1238	preposition	akidd/aked/aged/aɣed/d/ked	with (comit)	F	F	T	F	NA	NA	NA	T	finite	OBL	F	NA	NA	NA	NA	NA	NA	F	NA	NA	NA	NA	NA	NA	NA	NA	NA	NA	NA	NA	NA	NA	NA	NA	NA	NA		kossmann1997sudoranais:216-233,264,317-318
Sud Oranais-Gourara	tazn1238	preposition	al/an	until	F	T	F	F	NA	NA	NA	F	NA	NA	T	until	temporal	while	temporal/manner	finite	T	T	al-d~an-d	al~an PREP.UNTIL + d UNCLEAR	until	temporal	finite	F	NA	NA	NA	NA	NA	NA	NA	NA	NA	NA	NA	NA	The marker is treated in the section on adverbial clauses as a conjunction, although it is mentioned in the section on prepositions.	kossmann1997sudoranais:216-233,264,325-336
Sud Oranais-Gourara	tazn1238	preposition	bla	without	T	T	F	F	NA	NA	NA	F	NA	NA	T	without	manner	NA	NA	finite	T	F	NA	NA	NA	NA	NA	NA	NA	NA	NA	NA	NA	NA	NA	NA	NA	NA	NA	NA	The marker is treated in the section on adverbial clauses as a conjunction, although it is mentioned in the section on prepositions.	kossmann1997sudoranais:216-233,264,325-336
Tachelhit	tach1250	preposition	ar	until	F	T	F	F	NA	NA	NA	F	NA	NA	F	NA	NA	NA	NA	NA	NA	T	ar kig	ar PREP.UNTIL + kig UNCLEAR	until	temporal	finite	T	ar d	ar PREP.UNTIL + d UNCLEAR	until	temporal	finite	T	ar-kud-enna	ar PREP.UNTIL - kud-enna CONJ.UNTIL	until	temporal	finite	T		aspinion1953tachelhit:19-23,193-196,294
Tachelhit	tach1250	preposition	f	on	F	F	T	F	NA	NA	NA	T	finite	OBL	F	NA	NA	NA	NA	NA	NA	F	NA	NA	NA	NA	NA	NA	NA	NA	NA	NA	NA	NA	NA	NA	NA	NA	NA	NA		aspinion1953tachelhit:19-23,174
Tachelhit	tach1250	preposition	g	in	F	F	T	F	NA	NA	NA	T	finite	OBL	F	NA	NA	NA	NA	NA	NA	F	NA	NA	NA	NA	NA	NA	NA	NA	NA	NA	NA	NA	NA	NA	NA	NA	NA	NA		aspinion1953tachelhit:19-23,175
Tachelhit	tach1250	preposition	s	to	F	F	T	F	NA	NA	NA	T	finite	OBL	F	NA	NA	NA	NA	NA	NA	F	NA	NA	NA	NA	NA	NA	NA	NA	NA	NA	NA	NA	NA	NA	NA	NA	NA	NA		aspinion1953tachelhit:19-23,176
Tahaggart Tamahaq	taha1241	preposition	ən/ənnä	of	F	F	T	F	NA	NA	NA	T	finite	GEN	F	NA	NA	NA	NA	NA	NA	F	NA	NA	NA	NA	NA	NA	NA	NA	NA	NA	NA	NA	NA	NA	NA	NA	NA	NA		prasse1972tamahaq:222-240
Tahaggart Tamahaq	taha1241	preposition	in/ənnä	to	T?	F	T	F	NA	NA	NA	T	finite	OBL	F	NA	NA	NA	NA	NA	NA	F	NA	NA	NA	NA	NA	NA	NA	NA	NA	NA	NA	NA	NA	NA	NA	NA	NA	NA		prasse1972tamahaq:222-240
Tahaggart Tamahaq	taha1241	preposition	əd/dər	with (comit)	F	F	T	F	NA	NA	NA	T	finite	OBL	F	NA	NA	NA	NA	NA	NA	F	NA	NA	NA	NA	NA	NA	NA	NA	NA	NA	NA	NA	NA	NA	NA	NA	NA	NA		prasse1972tamahaq:222-240
Tahaggart Tamahaq	taha1241	preposition	əs/sər	with (instr)	F	T	T	F	NA	NA	NA	T	finite	OBL	F	NA	NA	NA	NA	NA	NA	T	a-s	a PRO + əs PREP.WITH	when	temporal	finite	?	NA	NA	NA	NA	NA	NA	NA	NA	NA	NA	NA	NA		prasse1972tamahaq:222-240
Tahaggart Tamahaq	taha1241	preposition	əd/dǎɣ	in	F	F	T	F	NA	NA	NA	T	finite	OBL	F	NA	NA	NA	NA	NA	NA	T	a-d	a PRO + əd PREP.IN	when/until	temporal	finite	?	NA	NA	NA	NA	NA	NA	NA	NA	NA	NA	NA	NA		prasse1972tamahaq:222-240
Tahaggart Tamahaq	taha1241	preposition	əs	to(wards)	F	T	T	F	NA	NA	NA	T	finite	OBL, IO	F	NA	NA	NA	NA	NA	NA	F	NA	NA	NA	NA	NA	NA	NA	NA	NA	NA	NA	NA	NA	NA	NA	NA	NA	NA		prasse1972tamahaq:222-240
Tahaggart Tamahaq	taha1241	preposition	säɣ	from	T	F	T	F	NA	NA	NA	T	finite	OBL	F	NA	NA	NA	NA	NA	NA	F	NA	NA	NA	NA	NA	NA	NA	NA	NA	NA	NA	NA	NA	NA	NA	NA	NA	NA		prasse1972tamahaq:222-240
Tahaggart Tamahaq	taha1241	preposition	ɣəf	on	T	F	T	F	NA	NA	NA	T	finite	OBL	F	NA	NA	NA	NA	NA	NA	F	NA	NA	NA	NA	NA	NA	NA	NA	NA	NA	NA	NA	NA	NA	NA	NA	NA	NA		prasse1972tamahaq:222-240
Tahaggart Tamahaq	taha1241	preposition	ɣər	to(wards)	T	F	T	F	NA	NA	NA	T	finite	OBL	F	NA	NA	NA	NA	NA	NA	F	NA	NA	NA	NA	NA	NA	NA	NA	NA	NA	NA	NA	NA	NA	NA	NA	NA	NA		prasse1972tamahaq:222-240
Tahaggart Tamahaq	taha1241	preposition	ɣur	at (chez)	F	F	T	F	NA	NA	NA	T	finite	OBL	F	NA	NA	NA	NA	NA	NA	F	NA	NA	NA	NA	NA	NA	NA	NA	NA	NA	NA	NA	NA	NA	NA	NA	NA	NA		prasse1972tamahaq:222-240
Tahaggart Tamahaq	taha1241	preposition	full	on	F	F	T	F	NA	NA	NA	T	finite	OBL	T	in order to	purpose	NA	NA	finite	?	F	NA	NA	NA	NA	NA	NA	NA	NA	NA	NA	NA	NA	NA	NA	NA	NA	NA	NA		prasse1972tamahaq:222-240
Tahaggart Tamahaq	taha1241	preposition	gir	between	F	F	T	F	NA	NA	NA	T	finite	OBL	F	NA	NA	NA	NA	NA	NA	F	NA	NA	NA	NA	NA	NA	NA	NA	NA	NA	NA	NA	NA	NA	NA	NA	NA	NA		prasse1972tamahaq:222-240
Tahaggart Tamahaq	taha1241	preposition	darät	behind	T	F	T	F	NA	NA	NA	T	finite	OBL	F	NA	NA	NA	NA	NA	NA	F	NA	NA	NA	NA	NA	NA	NA	NA	NA	NA	NA	NA	NA	NA	NA	NA	NA	NA		prasse1972tamahaq:222-240
Tahaggart Tamahaq	taha1241	preposition	min	without	F	F	T	F	NA	NA	NA	T	finite	OBL	T	without	manner	NA	NA	finite	?	F	NA	NA	NA	NA	NA	NA	NA	NA	NA	NA	NA	NA	NA	NA	NA	NA	NA	NA		prasse1972tamahaq:222-240
Tahaggart Tamahaq	taha1241	preposition	ar	until	T	T	F	F	NA	NA	NA	T	finite	OBL	T	until	temporal	if not, unless	concessive	finite	?	F	NA	NA	NA	NA	NA	NA	NA	NA	NA	NA	NA	NA	NA	NA	NA	NA	NA	NA		prasse1972tamahaq:222-240
Tahaggart Tamahaq	taha1241	preposition	dəffər	behind	F	F	T	F	NA	NA	NA	T	finite	OBL	F	NA	NA	NA	NA	NA	NA	F	NA	NA	NA	NA	NA	NA	NA	NA	NA	NA	NA	NA	NA	NA	NA	NA	NA	NA		prasse1972tamahaq:222-240
Tahaggart Tamahaq	taha1241	preposition	dât	in front of	F	F	T	F	NA	NA	NA	T	finite	OBL	F	NA	NA	NA	NA	NA	NA	F	NA	NA	NA	NA	NA	NA	NA	NA	NA	NA	NA	NA	NA	NA	NA	NA	NA	NA		prasse1972tamahaq:222-240
Tahaggart Tamahaq	taha1241	preposition	dǎw	under	F	F	T	F	NA	NA	NA	T	finite	OBL	F	NA	NA	NA	NA	NA	NA	F	NA	NA	NA	NA	NA	NA	NA	NA	NA	NA	NA	NA	NA	NA	NA	NA	NA	NA		prasse1972tamahaq:222-240
Tahaggart Tamahaq	taha1241	preposition	dənnəg	above	F	F	T	F	NA	NA	NA	T	finite	OBL	F	NA	NA	NA	NA	NA	NA	F	NA	NA	NA	NA	NA	NA	NA	NA	NA	NA	NA	NA	NA	NA	NA	NA	NA	NA		prasse1972tamahaq:222-240
Tahaggart Tamahaq	taha1241	preposition	(e)bv̈rin	to(wards)	F	F	T	F	NA	NA	NA	T	finite	OBL	F	NA	NA	NA	NA	NA	NA	F	NA	NA	NA	NA	NA	NA	NA	NA	NA	NA	NA	NA	NA	NA	NA	NA	NA	NA		prasse1972tamahaq:222-240
Tahaggart Tamahaq	taha1241	preposition	səl(id)/ǎsəl(id)	without	F	T	F	F	NA	NA	NA	T	finite	OBL	T	if not, unless	concessive	NA	NA	finite	?	F	NA	NA	NA	NA	NA	NA	NA	NA	NA	NA	NA	NA	NA	NA	NA	NA	NA	NA		prasse1972tamahaq:222-240
Tahaggart Tamahaq	taha1241	preposition	wäla	without	T	T	F	F	NA	NA	NA	T	finite	OBL	T	without	manner	NA	NA	finite	?	F	NA	NA	NA	NA	NA	NA	NA	NA	NA	NA	NA	NA	NA	NA	NA	NA	NA	NA		prasse1972tamahaq:222-240
Tamasheq	tama1365	preposition	də̀ɣ	in	F	F	T	F	NA	NA	NA	T	finite	OBL	F	NA	NA	NA	NA	NA	NA	F	NA	NA	NA	NA	NA	NA	NA	NA	NA	NA	NA	NA	NA	NA	NA	NA	NA	NA		heath2005tamasheq:273-288,633-635,663-674
Tamasheq	tama1365	preposition	(ə̀)s	with (instr)	F	T	T	F	NA	NA	NA	T	finite	OBL	F	NA	NA	NA	NA	NA	NA	T	à-s	à DEM + (ə̀)s PREP.WITH	when/because	temporal/cause/reason	finite	F	fæ̀l à-s	fæ̀l PREP.ON + à DEM + (ə̀)s PREP.WITH	because	cause/reson	finite	F	NA	NA	NA	NA	NA	NA		heath2005tamasheq:273-288,633-635,663-674
Tamasheq	tama1365	preposition	(ə̀)d/dər	with (comit)	F	F	T	F	NA	NA	NA	T	finite	OBL	F	NA	NA	NA	NA	NA	NA	T	y à-d	y PREP.TO + à DEM + (ə̀)d PREP.WITH	in order to	purpose	finite	F	NA	NA	NA	NA	NA	NA	NA	NA	NA	NA	NA	NA		heath2005tamasheq:273-288,633-635,663-674
Tamasheq	tama1365	preposition	fæ̀l	on	F	F	T	F	NA	NA	NA	T	finite	OBL	T	because	cause/reason	NA	NA	finite	F	T	fæ̀l à-s	fæ̀l PREP.ON + à DEM + s PREP.WITH	because	cause/reson	finite	F	a-fæ̀l	a DEM + fæ̀l PREP.ON	because	cause/reson	finite	F	a-w-á-fæ̀l	a-w-á DEM-M-DEM.SG + fæ̀l PREP.ON	because	cause/reson	finite	F		heath2005tamasheq:273-288,633-635,663-674
Tamasheq	tama1365	preposition	dàt	in front of	F	F	T	F	NA	NA	NA	F	NA	NA	T	before	temporal	NA	NA	nominalized	F	F	NA	NA	NA	NA	NA	NA	NA	NA	NA	NA	NA	NA	NA	NA	NA	NA	NA	NA		heath2005tamasheq:273-288,633-635,663-674
Tamasheq	tama1365	preposition	y/è/ì	to	F	F	T	F	NA	NA	NA	F	NA	NA	T	in order to	purpose	NA	NA	finite	F	T	y à	y PREP.TO + à DEM	in order to	purpose	finite	F	y à-d	y PREP.TO + à DEM + (ə̀)d PREP.WITH	in order to	purpose	finite	F	NA	NA	NA	NA	NA	NA		heath2005tamasheq:273-288,633-635,663-674
Tarifiyt-Beni-Iznasen-Eastern Middle Atlas Berber	tari1263	preposition	ḍi	in	F	F	T	F	NA	NA	NA	T	finite	OBL	F	NA	NA	NA	NA	NA	NA	F	NA	NA	NA	NA	NA	NA	NA	NA	NA	NA	NA	NA	NA	NA	NA	NA	NA	NA		kossmann2000atlasberber:97-114,141
Tarifiyt-Beni-Iznasen-Eastern Middle Atlas Berber	tari1263	preposition	ze	from	F	F	T	F	NA	NA	NA	T	finite	OBL	F	NA	NA	NA	NA	NA	NA	F	NA	NA	NA	NA	NA	NA	NA	NA	NA	NA	NA	NA	NA	NA	NA	NA	NA	NA		kossmann2000atlasberber:97-114,141
Tarifiyt-Beni-Iznasen-Eastern Middle Atlas Berber	tari1263	preposition	ɣər	to, at (chez)	F	F	T	F	NA	NA	NA	T	finite	OBL	F	NA	NA	NA	NA	NA	NA	F	NA	NA	NA	NA	NA	NA	NA	NA	NA	NA	NA	NA	NA	NA	NA	NA	NA	NA		kossmann2000atlasberber:97-114,141
Tarifiyt-Beni-Iznasen-Eastern Middle Atlas Berber	tari1263	preposition	akəḍ	with (comit)	F	F	T	F	NA	NA	NA	T	finite	OBL	F	NA	NA	NA	NA	NA	NA	F	NA	NA	NA	NA	NA	NA	NA	NA	NA	NA	NA	NA	NA	NA	NA	NA	NA	NA		kossmann2000atlasberber:97-114,141
Tarifiyt-Beni-Iznasen-Eastern Middle Atlas Berber	tari1263	preposition	x/xəf	on	F	F	T	F	NA	NA	NA	T	finite	OBL	F	NA	NA	NA	NA	NA	NA	F	NA	NA	NA	NA	NA	NA	NA	NA	NA	NA	NA	NA	NA	NA	NA	NA	NA	NA		kossmann2000atlasberber:97-114,141
Tarifiyt-Beni-Iznasen-Eastern Middle Atlas Berber	tari1263	preposition	i/mumi	to	F	F	T	F	NA	NA	NA	T	finite	IO	F	NA	NA	NA	NA	NA	NA	F	NA	NA	NA	NA	NA	NA	NA	NA	NA	NA	NA	NA	NA	NA	NA	NA	NA	NA		kossmann2000atlasberber:97-114,141
Tarifiyt-Beni-Iznasen-Eastern Middle Atlas Berber	tari1263	preposition	al	until	F	T	F	F	NA	NA	NA	F	NA	NA	T	until	temporal	NA	NA	finite	T	F	NA	NA	NA	NA	NA	NA	NA	NA	NA	NA	NA	NA	NA	NA	NA	NA	NA	NA		kossmann2000atlasberber:97-114,141
Tarifiyt-Beni-Iznasen-Eastern Middle Atlas Berber	tari1263	preposition	zzat	next to, in front to	F	F	T	F	NA	NA	NA	F	NA	NA	T	before	temporal	NA	NA	finite	T	F	NA	NA	NA	NA	NA	NA	NA	NA	NA	NA	NA	NA	NA	NA	NA	NA	NA	NA	As a preposition, zzat is always used in a complex with i 'to'.	kossmann2000atlasberber:110,141,191-201
Tarifiyt-Beni-Iznasen-Eastern Middle Atlas Berber	tari1263	preposition	qbəl	before	T	F	T	F	NA	NA	NA	F	NA	NA	T	before	temporal	NA	NA	finite	T	F	NA	NA	NA	NA	NA	NA	NA	NA	NA	NA	NA	NA	NA	NA	NA	NA	NA	NA		kossmann2000atlasberber:110,141,191-201
Tawallammat Tamajaq	tawa1286	preposition	fǎll	on, from	F	F	T	F	NA	NA	NA	T	finite	OBL	T	while	temporal	because	cause/reason	finite	?	F	NA	NA	NA	NA	NA	NA	NA	NA	NA	NA	NA	NA	NA	NA	NA	NA	NA	NA		sudlow2001tamajaq:47,86,105-115,330-331
Tawallammat Tamajaq	tawa1286	preposition	dǎɣ/də	in	F	F	T	F	NA	NA	NA	T	finite	OBL	F	NA	NA	NA	NA	NA	NA	F	NA	NA	NA	NA	NA	NA	NA	NA	NA	NA	NA	NA	NA	NA	NA	NA	NA	NA		sudlow2001tamajaq:47,86,105-115,330-331
Tawallammat Tamajaq	tawa1286	preposition	dat	in front of	F	F	T	F	NA	NA	NA	F	NA	NA	T	before	temporal	NA	NA	nominalized	F	F	NA	NA	NA	NA	NA	NA	NA	NA	NA	NA	NA	NA	NA	NA	NA	NA	NA	NA		sudlow2001tamajaq:47,86,105-115,330-331
Tawallammat Tamajaq	tawa1286	preposition	darǎt	behind	F	F	T	F	NA	NA	NA	F	NA	NA	T	after	temporal	NA	NA	nominalized	F	F	NA	NA	NA	NA	NA	NA	NA	NA	NA	NA	NA	NA	NA	NA	NA	NA	NA	NA		sudlow2001tamajaq:47,86,105-115,330-331
Tawallammat Tamajaq	tawa1286	preposition	i	to, for	F	F	T	F	NA	NA	NA	F	NA	NA	T	in order to	purpose	NA	NA	finite	?	F	NA	NA	NA	NA	NA	NA	NA	NA	NA	NA	NA	NA	NA	NA	NA	NA	NA	NA		sudlow2001tamajaq:47,86,105-115,330-331
Tawallammat Tamajaq	tawa1286	preposition	əs	to(wards)	F	F	T	F	NA	NA	NA	F	NA	NA	F	NA	NA	NA	NA	NA	NA	F	NA	NA	NA	NA	NA	NA	NA	NA	NA	NA	NA	NA	NA	NA	NA	NA	NA	NA		sudlow2001tamajaq:47,86,105-115,330-331
Tawallammat Tamajaq	tawa1286	preposition	əs/sər	with (instr)	F	F	T	F	NA	NA	NA	F	NA	NA	F	NA	NA	NA	NA	NA	NA	T	a-s	a PRO + əs PREP.WITH	when/if	temporal/conditional	finite	?	NA	NA	NA	NA	NA	NA	NA	NA	NA	NA	NA	NA		sudlow2001tamajaq:47,86,105-115,330-331
Tawallammat Tamajaq	tawa1286	preposition	har	until	F	T	F	F	NA	NA	NA	F	NA	NA	T	until	temporal	NA	NA	finite	?	F	NA	NA	NA	NA	NA	NA	NA	NA	NA	NA	NA	NA	NA	NA	NA	NA	NA	NA		sudlow2001tamajaq:47,86,105-115,330-331
Tayart Tamajeq	taya1257	preposition	əd/dər	with (comit)	F	F	T	F	NA	NA	NA	T	finite	OBL	F	NA	NA	NA	NA	NA	NA	F	NA	NA	NA	NA	NA	NA	NA	NA	NA	NA	NA	NA	NA	NA	NA	NA	NA	NA		kossmann2011tamajeq:34,85-88,161,173-176
Tayart Tamajeq	taya1257	preposition	dəɣ	in	F	F	T	F	NA	NA	NA	T	finite	OBL	F	NA	NA	NA	NA	NA	NA	F	NA	NA	NA	NA	NA	NA	NA	NA	NA	NA	NA	NA	NA	NA	NA	NA	NA	NA		kossmann2011tamajeq:34,85-88,161,173-176
Tayart Tamajeq	taya1257	preposition	dat	in front of	F	F	T	F	NA	NA	NA	T	finite	OBL	T	before	temporal	NA	NA	nominalized	F	T	dat as	dat PREP.BEFORE + as CONJ.WHEN	before	temporal	finite	T	NA	NA	NA	NA	NA	NA	NA	NA	NA	NA	NA	NA		kossmann2011tamajeq:34,85-88,161,173-176
Tayart Tamajeq	taya1257	preposition	dəffər	behind	F	F	T	F	NA	NA	NA	F	NA	NA	T	after	temporal	NA	NA	nominalized	F	T	dəffər as	dəffər PREP.BEHIND + as CONJ.WHEN	after	temporal	finite	T	NA	NA	NA	NA	NA	NA	NA	NA	NA	NA	NA	NA		kossmann2011tamajeq:34,85-88,161,173-176
Tayart Tamajeq	taya1257	preposition	n/s	of	F	F	T	F	NA	NA	NA	T	finite	GEN	F	NA	NA	NA	NA	NA	NA	F	NA	NA	NA	NA	NA	NA	NA	NA	NA	NA	NA	NA	NA	NA	NA	NA	NA	NA		kossmann2011tamajeq:34,85-88,161,173-176
Tayart Tamajeq	taya1257	preposition	(h)ar	until	F	T	F	F	NA	NA	NA	F	NA	NA	T	until	temporal	NA	NA	finite	T	F	NA	NA	NA	NA	NA	NA	NA	NA	NA	NA	NA	NA	NA	NA	NA	NA	NA	NA		kossmann2011tamajeq:34,85-88,161,173-176
Tayart Tamajeq	taya1257	preposition	fell	on	F	F	T	F	NA	NA	NA	F	NA	NA	F	NA	NA	NA	NA	NA	NA	T	fell as	fell PREP.ON + as COMP	because	cause/reason	finite	F	fell ad	fell PREP.ON + ad PTCL.IRR	in order to	purpose	finite	F	NA	NA	NA	NA	NA	NA		kossmann2011tamajeq:34,85-88,161,173-176
Tumzabt	tumz1238	preposition	s(i)	from, since	F	?	?	F	NA	NA	NA	F	NA	NA	T	since	temporal	NA	NA	finite	?	F	NA	NA	NA	NA	NA	NA	NA	NA	NA	NA	NA	NA	NA	NA	NA	NA	NA	NA		gourliau1898tumzabt:136
Tumzabt	tumz1238	preposition	bâd	after	T	?	?	F	NA	NA	NA	F	NA	NA	F	NA	NA	NA	NA	NA	NA	T	bâd si	bâd PREP.AFTER + si UNCLEAR	after	temporal	finite	?	NA	NA	NA	NA	NA	NA	NA	NA	NA	NA	NA	NA		gourliau1898tumzabt:138
Tumzabt	tumz1238	preposition	al	to, until	F	?	?	F	NA	NA	NA	F	NA	NA	T	until	temporal	NA	NA	finite	?	F	NA	NA	NA	NA	NA	NA	NA	NA	NA	NA	NA	NA	NA	NA	NA	NA	NA	NA		gourliau1898tumzabt:138
Western Algerian Berber	chen1266	preposition	ði/ðeg/ðug	in	F	?	?	F	NA	NA	NA	T	finite	OBL	F	NA	NA	NA	NA	NA	NA	F	NA	NA	NA	NA	NA	NA	NA	NA	NA	NA	NA	NA	NA	NA	NA	NA	NA	NA		destaing1907algerianberber:215-224
Western Algerian Berber	chen1266	preposition	si/s/seg	from	F	?	?	F	NA	NA	NA	T	finite	OBL	F	NA	NA	NA	NA	NA	NA	F	NA	NA	NA	NA	NA	NA	NA	NA	NA	NA	NA	NA	NA	NA	NA	NA	NA	NA		destaing1907algerianberber:215-224
Zenaga	zena1248	preposition	əllar	until	F	NA	NA	F	NA	NA	NA	F	NA	NA	T	until	temporal	when (PST)	temporal	finite	?	F	NA	NA	NA	NA	NA	NA	NA	NA	NA	NA	NA	NA	NA	NA	NA	NA	NA	NA		nicolas1953zenaga:10,63-64;kossmann2012berber:67
Zenaga	zena1248	preposition	(a)ôf/afʰ	on	F	NA	NA	F	NA	NA	NA	T	finite	OBL	F	NA	NA	NA	NA	NA	NA	F	NA	NA	NA	NA	NA	NA	NA	NA	NA	NA	NA	NA	NA	NA	NA	NA	NA	NA		nicolas1953zenaga:10,63-64;kossmann2012berber:67